Name,SKU
Yohimbine HCl Capsules [120 CAPS],NTC089101
Yohimbine HCl Capsules [240 CAPS],NTC089201
Yohimbe Bark Capsules [9 MG] [120 CAPS],NTC299101
CL Yohimbe Bark Extract [9 MG] [120 CAPS],VDT513101
DHEA Capsules [25 MG] [120 CAPS],NTC301101
DHEA Capsules [100 MG] [120 CAPS],NTC301201
DHEA Capsules [25 MG] [240 CAPS],NTC301301
DHEA Capsules [50 MG] [120 CAPS],NTC301401
DHEA Capsules [100 MG] [240 CAPS],NTC301501
DHEA Capsules [50 MG] [240 CAPS],NTC301601
CL DHEA Capsules [25 MG] [180 CAPS],VDT510101
CL DHEA Capsules [50 MG] [180 CAPS],VDT510201
CL DHEA Capsules [100 MG] [180 CAPS],VDT510301
Pregnenolone [100 MG] [120 CAPS],NTC407101
Pregnenolone [50 MG] [120 CAPS],NTC407201
Pregnenolone [30 MG] [120 CAPS],NTC407301
Pregnenolone [10 MG] [120 CAPS],NTC407401
